DOCR_RespParam,DOCL_RespParam,BurialFactor_R,BurialFactor_L
0.00151717966174869,0.033866382068535,5.39193184545539e-09,1
