"","Alloch_gm2y","Autoch_gm2y","R_gm2y","S_gm2y","Out_gm2y","PipeProc_gm2y","dStorage_gm2y","Budget_left_gm2y","Budget_right_gm2y"
"Harp",148.209902171437,164.862709352081,180.793887733267,5.12036613371953,NA,175.673521599547,NA,313.072611523518,NA
"Monona",64.6555920352045,269.946951924453,79.5968838414299,194.443441248703,NA,-114.846557407273,NA,334.602543959658,NA
"Toolik",297.794033371112,57.9435782548561,69.8720747316367,31.3272462202417,NA,38.544828511395,NA,355.737611625968,NA
"Trout",113.27030053432,148.469670720833,155.832698593082,1.21218979180371,NA,154.620508801278,NA,261.739971255153,NA
"Vanern",40.9490880749535,134.340373954898,71.8069004829457,90.7607113094214,NA,-18.9538108264757,NA,175.289462029851,NA
