"","Alloch_gm2y","Autoch_gm2y","R_gm2y","S_gm2y","Out_gm2y","PipeProc_gm2y","dStorage_gm2y","Budget_left_gm2y","Budget_right_gm2y"
"Harp",39.2273736654594,32.972541848403,-49.3617819117129,-5.23972182439444,-16.7215765356785,-44.1220600873185,0.608249228289635,72.1999155138624,71.9344659645016
"Monona",64.2785013029695,53.9893904050547,-17.2970662136591,-43.5859407474898,-59.0714395362726,26.2888745338307,-1.76443929047462,118.267891708024,118.1608313294
"Toolik",75.9745682127401,11.5887156501019,-24.6989451300726,-6.6632551913195,-55.7983984406314,-18.0356899387531,0.366500543759642,87.563283862842,87.495328608242
"Trout",13.7672205285082,29.6939341325543,-38.1948755798024,-1.21218979180371,-4.14493024232905,-36.9826857879987,-0.218003763251872,43.4611546610625,43.3388748196132
"Vanern",40.9465998125445,26.8680747645148,-35.3411046102173,-20.5409199346328,-12.4726277375192,-14.8001846755845,-0.81667381091198,67.8146745770592,67.5387786206523
