"","Alloch_gm2y","Autoch_gm2y","R_gm2y","S_gm2y","Out_gm2y","PipeProc_gm2y","dStorage_gm2y","Budget_left_gm2y","Budget_right_gm2y"
"Harp",39.2273737728361,164.862709470044,-180.793888356553,-5.12036613371953,-17.1312409832587,-185.914254490272,0.699440002290385,204.09008324288,169.495742386181
"Monona",64.2785013029695,269.946951924453,-79.5968838414299,-194.443441248703,-61.9847885743524,-274.040325090133,-1.63383772955618,334.225453227423,210.389860504438
"Toolik",276.606549549935,57.9435782548561,-69.8720747316367,-31.3272462202417,-232.428093200454,-101.199320951878,2.91020494406204,334.550127804791,-128.330622398385
"Trout",13.7672205375657,148.469670748486,-155.832698328558,-1.21218979180371,-4.61799716279711,-157.044888120362,0.249724209722002,162.236891286052,152.695474116517
"Vanern",40.946599811276,134.340373954898,-71.8069004829457,-90.7607113094214,-12.8955132853542,-162.567611792367,-0.52959488953261,175.286973766174,149.134431664098
