"","Alloch_gm2y","Autoch_gm2y","R_gm2y","S_gm2y","Out_gm2y","PipeProc_gm2y","dStorage_gm2y","Budget_left_gm2y","Budget_right_gm2y"
"Harp",39.2273737728361,164.862709470044,180.793888356553,5.12036613371953,17.1312409832587,175.673522222833,NA,204.09008324288,NA
"Monona",64.2785013029695,269.946951924453,79.5968838414299,194.443441248703,61.9847885743524,-114.846557407273,NA,334.225453227423,NA
"Toolik",276.606549549935,57.9435782548561,69.8720747316367,31.3272462202417,232.428093200454,38.544828511395,NA,334.550127804791,NA
"Trout",13.7672205375657,148.469670748486,155.832698328558,1.21218979180371,4.61799716279711,154.620508536755,NA,162.236891286052,NA
"Vanern",40.946599811276,134.340373954898,71.8069004829457,90.7607113094214,12.8955132853542,-18.9538108264757,NA,175.286973766174,NA
