"","Alloch_gm2y","Autoch_gm2y","R_gm2y","S_gm2y","Out_gm2y","PipeProc_gm2y","dStorage_gm2y","Budget_left_gm2y","Budget_right_gm2y"
"Harp",39.8842677521823,32.0300859382624,-47.4603968975832,-5.30157354415252,-17.6045150275334,-42.1588233534307,0.698613294073097,71.9143536904447,71.0650987633422
"Monona",64.74362189236,54.2279097996581,-16.7559221505552,-43.8103728147854,-59.9484259493549,27.0544506642302,-1.83665996920238,118.971531692018,118.678060945493
"Toolik",76.1851641860801,11.2676861219134,-23.6796015541518,-6.66980568546289,-55.5915741334107,-17.0097958686889,0.353510635061124,87.4528503079935,86.2944920080866
"Trout",13.3509243412375,28.1660974555488,-37.4497024003239,-1.19484799052451,-3.95414788541182,-36.2548544097994,-0.241299580259437,41.5170217967862,42.3573986960008
"Vanern",39.7529879562091,26.1262972514101,-33.2081872669112,-19.8821432959416,-12.1224761372426,-13.3260439709695,-0.869251368638469,65.8792852076192,64.343555331457
