"","Alloch_gm2y","Autoch_gm2y","R_gm2y","S_gm2y","Out_gm2y","PipeProc_gm2y","dStorage_gm2y","Budget_left_gm2y","Budget_right_gm2y"
"Harp",39.2273736654594,32.972541848403,-49.3617819117129,-5.23972182439444,-16.7215765356785,-44.1220600873185,0.608249228289635,72.1999155138624,71.9344659645016
"Monona",64.2785013029695,53.9893904050547,-17.1593843593558,-43.5592710340492,-59.4413115115472,26.3998866746934,-1.78874856000033,118.267891708024,118.342021487145
"Toolik",276.606549549935,11.5887156496491,-97.6815338703148,-19.5420493972106,-172.326708872983,-78.1394844731041,0.466333003455519,288.195265199584,290.04674849012
"Trout",13.7672204784194,29.6939341441666,-38.1673536672558,-1.24167901475024,-4.08442773968966,-36.9256746525055,-0.292645695415223,43.461154622586,43.205563797625
"Vanern",40.9465998125445,26.8680747645148,-35.3411046102173,-20.5409199346328,-12.4726277375192,-14.8001846755845,-0.81667381091198,67.8146745770592,67.5387786206523
