"","Alloch_gm2y","Autoch_gm2y","R_gm2y","S_gm2y","Out_gm2y","PipeProc_gm2y","dStorage_gm2y","Budget_left_gm2y","Budget_right_gm2y"
"Harp",39.8668967101547,31.9696540174351,-47.3703142861695,-5.30014131869426,-17.6238019626081,-42.0701729674752,31.3800897129285,71.8365507275898,101.6743472804
"Monona",64.7329011282484,54.0939265149295,-16.7022050018752,-43.7213208968439,-59.9284537834775,27.0191158949687,-53.1087887373066,118.826827643178,67.24319094489
"Toolik",75.5790036396157,11.2684943780961,-23.6600740134904,-6.61695938639335,-55.1862623841692,-17.043114627097,21.9070607130745,86.8474980177118,107.370356497127
"Trout",13.3445953543278,28.046053173499,-37.3149440859124,-1.19474655848389,-3.95477094193473,-36.1201975274285,-10.2355909851829,41.3906485278268,32.2288706011481
"Vanern",32.2465099709249,26.0764007666918,-29.1994509340176,-19.850623668753,-10.1289058664489,-9.34882726526457,-66.5384798157313,58.3229107376168,-7.35949934651176
