"","Alloch_gm2y","Autoch_gm2y","R_gm2y","S_gm2y","Out_gm2y","PipeProc_gm2y","dStorage_gm2y","Budget_left_gm2y","Budget_right_gm2y"
"Harp",39.2273736654594,32.972541848403,-49.3617819117129,-5.23972182439444,-16.7215765356785,-54.6015037361074,0.608249228289635,72.1999155138624,38.4929449278264
"Monona",64.2785013029695,53.9893904050547,-17.1593843593558,-43.5592710340492,-59.4413115115472,-60.718655393405,-1.78874856000033,118.267891708024,-0.506732419457719
"Toolik",276.606549549935,11.5887156496491,-97.6815338703148,-19.5420493972106,-172.326708872983,-117.223583267525,0.466333003455519,288.195265199584,-54.6572335536575
"Trout",13.7672204784194,29.6939341441666,-38.1673536672558,-1.24167901475024,-4.08442773968966,-39.409032682006,-0.292645695415223,43.461154622586,35.0367511868541
"Vanern",40.9465998125445,26.8680747645148,-35.3411046102173,-20.5409199346328,-12.4726277375192,-55.8820245448501,-0.81667381091198,67.8146745770592,42.5901451448545
