DOCR_RespParam,DOCL_RespParam,BurialFactor_R,BurialFactor_L
0.00263337036361992,0.00228426236506258,0.994149146478183,0.996981857746067
