DOCR_RespParam,DOCL_RespParam,BurialFactor_R,BurialFactor_L
NA,NA,NA,NA
NA,NA,NA,NA
NA,NA,NA,NA
NA,NA,NA,NA
NA,NA,NA,NA
NA,NA,NA,NA
NA,NA,NA,NA
NA,NA,NA,NA
NA,NA,NA,NA
NA,NA,NA,NA
NA,NA,NA,NA
NA,NA,NA,NA
NA,NA,NA,NA
NA,NA,NA,NA
NA,NA,NA,NA
NA,NA,NA,NA
NA,NA,NA,NA
NA,NA,NA,NA
NA,NA,NA,NA
NA,NA,NA,NA
NA,NA,NA,NA
NA,NA,NA,NA
NA,NA,NA,NA
NA,NA,NA,NA
NA,NA,NA,NA
NA,NA,NA,NA
NA,NA,NA,NA
NA,NA,NA,NA
NA,NA,NA,NA
NA,NA,NA,NA
NA,NA,NA,NA
NA,NA,NA,NA
NA,NA,NA,NA
NA,NA,NA,NA
NA,NA,NA,NA
NA,NA,NA,NA
NA,NA,NA,NA
NA,NA,NA,NA
NA,NA,NA,NA
NA,NA,NA,NA
NA,NA,NA,NA
NA,NA,NA,NA
NA,NA,NA,NA
NA,NA,NA,NA
NA,NA,NA,NA
NA,NA,NA,NA
NA,NA,NA,NA
NA,NA,NA,NA
NA,NA,NA,NA
NA,NA,NA,NA
0.00226853623712631,0.003,1,0.674011062059615
3e-04,0.0229276798294764,0.939562495523234,0.927769725460158
0.00274880285149333,0.00378912351067334,0,0.732980922925982
3e-04,0.0353034763919795,0.717094953811201,0.802797440240827
3e-04,0.299999980257743,0.32946955152612,0.558850009949657
3e-04,0.12285340656118,0.560279701437963,0.574047066489547
0.000352125062019916,0.299999971261231,0.0816519259051291,1
0.000332691333141759,0.136398411732115,0.294390320262688,0.851015978965439
3e-04,0.246776104418405,0.863654048195134,0.660318481104701
0.0006820535637711,0.14399193146286,0,0
3e-04,0.236650365104246,0.510205082789689,0.180823247777725
3e-04,0.3,0.676764634555038,0
0.000412745036205481,0.3,0.590983976444405,0.9999999252049
0.00276073525864785,0.003,0.918054855107123,0.586585028844385
0.000415081110647594,0.3,0,0.0832812256012384
3e-04,0.299999579384287,0.390766082197232,7.60935884366447e-07
3e-04,0.193333092120732,0.282770687054086,0
0.00242915336592576,0.00410302867369469,1,0.58286335511616
0.000507251710339444,0.123177582229326,0.123339815627842,0
0.00214036030160577,0.003,0.284554134432641,0.802428545716679
0.000300288384660517,0.299744244607955,0.537601278778803,0.999490967158324
0.000300017321243131,0.299912695084987,0.317427624653614,0.999838250990884
0.000408742203189883,0.299997499108812,0,0.928743026341206
0.00116847669667583,0.0150247190863475,0.116182088101226,0.633188016796883
0.00259047270674367,0.003,0.400927736524783,0.704730323886457
3e-04,0.0355321421908579,1,0.729197155474385
3e-04,0.3,0.500547829014939,0
0.000300000717006572,0.3,0.384808922267618,0.999906436199022
0.000356078331099027,0.3,0,0.999999832591738
0.00234704433951885,0.003,0.627508487279432,0.767792993622312
