"DOCR_RespParam","DOCL_RespParam","BurialFactor_R","BurialFactor_L","N","collinearity"
1,1,0,0,2,1.10388590479598
1,0,1,0,2,7.45968830292418
1,0,0,1,2,1.00042394608021
0,1,1,0,2,1.0983030786942
0,1,0,1,2,1.06488095352616
0,0,1,1,2,1.02910744690661
1,1,1,0,3,7.46733553367085
1,1,0,1,3,1.12878439168948
1,0,1,1,3,7.80017784425026
0,1,1,1,3,1.14430591114257
1,1,1,1,4,7.8004546623707
