"DOCR_RespParam","DOCL_RespParam","BurialFactor_R","BurialFactor_L","N","collinearity"
1,1,0,0,2,1.98734296412461
1,0,1,0,2,7.79761651951089
1,0,0,1,2,1.55561601926003
0,1,1,0,2,1.71865493358895
0,1,0,1,2,1.13036756809833
0,0,1,1,2,1.80281245491309
1,1,1,0,3,10.5441647038636
1,1,0,1,3,2.59796589705243
1,0,1,1,3,12.0993731613336
0,1,1,1,3,2.62743778520956
1,1,1,1,4,14.6977044787782
