"DOCR_RespParam","DOCL_RespParam","BurialFactor_R","BurialFactor_L","N","collinearity"
1,1,0,0,2,9.23986841821045
1,0,1,0,2,7.15077507561538
1,0,0,1,2,5.9807951753213
0,1,1,0,2,5.48403753984238
0,1,0,1,2,7.41776780038106
0,0,1,1,2,7.47369014390734
1,1,1,0,3,10.5996567691856
1,1,0,1,3,10.0872509266381
1,0,1,1,3,8.01296172824436
0,1,1,1,3,8.78772782913286
1,1,1,1,4,19.3768132329334
