"DOCR_RespParam","DOCL_RespParam","BurialFactor_R","BurialFactor_L","N","collinearity"
1,1,0,0,2,3.7939596216778
1,0,1,0,2,2.30693121233068
1,0,0,1,2,3.0432372022875
0,1,1,0,2,1.77317274426029
0,1,0,1,2,4.39159691296703
0,0,1,1,2,1.85944706252993
1,1,1,0,3,4.65968096018044
1,1,0,1,3,4.81493572256111
1,0,1,1,3,3.35520083435803
0,1,1,1,3,4.43234371107551
1,1,1,1,4,5.75459270058368
