"DOCR_RespParam","DOCL_RespParam","BurialFactor_R","BurialFactor_L","N","collinearity"
1,1,0,0,2,7.08011703391187
1,0,1,0,2,4.82840547476854
1,0,0,1,2,4.44933791053321
0,1,1,0,2,9.05514753095595
0,1,0,1,2,9.92120715425984
0,0,1,1,2,17.5621918016023
1,1,1,0,3,12.3750688911506
1,1,0,1,3,20.0818994935228
1,0,1,1,3,18.560757192811
0,1,1,1,3,17.9239957527452
1,1,1,1,4,41.7459816196645
