"DOCR_RespParam","DOCL_RespParam","BurialFactor_R","BurialFactor_L","N","collinearity"
1,1,0,0,2,32.4623592656082
1,0,1,0,2,2.79820301133336
1,0,0,1,2,42.9000579662585
0,1,1,0,2,3.05223030991699
0,1,0,1,2,72.8594494317879
0,0,1,1,2,2.97167452484908
1,1,1,0,3,329.450547259472
1,1,0,1,3,90.9953584763936
1,0,1,1,3,111.79397198349
0,1,1,1,3,97.6729105570864
1,1,1,1,4,399.056004957354
