"DOCR_RespParam","DOCL_RespParam","BurialFactor_R","BurialFactor_L","N","collinearity"
1,1,0,0,2,2.97479164384488
1,0,1,0,2,5.00670868788239
1,0,0,1,2,2.13701969122311
0,1,1,0,2,2.76990949488758
0,1,0,1,2,2.30729859118052
0,0,1,1,2,2.61919248154019
1,1,1,0,3,5.06749693466856
1,1,0,1,3,3.01181278838072
1,0,1,1,3,5.75245313184487
0,1,1,1,3,2.88571850430725
1,1,1,1,4,6.1478688662836
