"DOCR_RespParam","DOCL_RespParam","BurialFactor_R","BurialFactor_L","N","collinearity"
1,1,0,0,2,1.09312640264752
1,0,1,0,2,2.38877116310171
1,0,0,1,2,1.24700545513621
0,1,1,0,2,1.00072780912897
0,1,0,1,2,1.11269398833903
0,0,1,1,2,1.0957204680591
1,1,1,0,3,2.5035618674341
1,1,0,1,3,1.24853541015221
1,0,1,1,3,5.59562659975486
0,1,1,1,3,1.15893589160862
1,1,1,1,4,5.75741633540251
