"DOCR_RespParam","DOCL_RespParam","BurialFactor_R","BurialFactor_L","N","collinearity"
1,1,0,0,2,1.01726607409254
1,0,1,0,2,2.92937393351748
1,0,0,1,2,1.26048182724099
0,1,1,0,2,1.03594149992179
0,1,0,1,2,1.03386274977483
0,0,1,1,2,1.09796809536372
1,1,1,0,3,2.93791296765475
1,1,0,1,3,1.27326690426081
1,0,1,1,3,3.29165524137933
0,1,1,1,3,1.12650089712317
1,1,1,1,4,3.29388325093821
