"DOCR_RespParam","DOCL_RespParam","BurialFactor_R","BurialFactor_L","N","collinearity"
1,1,0,0,2,58.6755730726841
1,0,1,0,2,35.6535259271217
1,0,0,1,2,27.0550621671307
0,1,1,0,2,40.1953858724091
0,1,0,1,2,33.6809250901832
0,0,1,1,2,53.3683060577414
1,1,1,0,3,60.423599776767
1,1,0,1,3,66.8227315435607
1,0,1,1,3,63.6795034967328
0,1,1,1,3,56.7105236949841
1,1,1,1,4,79.240382370502
