"DOCR_RespParam","DOCL_RespParam","BurialFactor_R","BurialFactor_L","N","collinearity"
1,1,0,0,2,31.8618610412782
1,0,1,0,2,79.3663408698638
1,0,0,1,2,44.9317693356789
0,1,1,0,2,22.8257366503701
0,1,0,1,2,74.0453715423685
0,0,1,1,2,29.4996271046533
1,1,1,0,3,510.132406720655
1,1,0,1,3,107.158909965109
1,0,1,1,3,226.216992263167
0,1,1,1,3,112.803920832995
1,1,1,1,4,553.371478948667
