"DOCR_RespParam","DOCL_RespParam","BurialFactor_R","BurialFactor_L","N","collinearity"
1,1,0,0,2,11.2025500248287
1,0,1,0,2,3.40667730383327
1,0,0,1,2,6.58988542089716
0,1,1,0,2,2.85499693562586
0,1,0,1,2,10.5725749578453
0,0,1,1,2,2.57750549894503
1,1,1,0,3,15.0223147713865
1,1,0,1,3,16.7404481322136
1,0,1,1,3,8.95472685309287
0,1,1,1,3,11.6729885259276
1,1,1,1,4,18.4124686013512
