"DOCR_RespParam","DOCL_RespParam","BurialFactor_R","BurialFactor_L","N","collinearity"
1,1,0,0,2,2.8596979819878
1,0,1,0,2,3.2251770581999
1,0,0,1,2,3.03569121267186
0,1,1,0,2,5.34084383221751
0,1,0,1,2,23.5391234643416
0,0,1,1,2,5.46903226792533
1,1,1,0,3,5.52867584628172
1,1,0,1,3,27.0794601927522
1,0,1,1,3,5.51649602908213
0,1,1,1,3,23.6749879227994
1,1,1,1,4,27.2793005790301
