"DOCR_RespParam","DOCL_RespParam","BurialFactor_R","BurialFactor_L","N","collinearity"
1,1,0,0,2,5.88542949874478
1,0,1,0,2,5.30750319614486
1,0,0,1,2,3.84003540373559
0,1,1,0,2,2.99598502880094
0,1,0,1,2,4.86361770103258
0,0,1,1,2,2.74345493957597
1,1,1,0,3,13.9261684635272
1,1,0,1,3,6.53645309289096
1,0,1,1,3,6.89821311406007
0,1,1,1,3,4.95124591660518
1,1,1,1,4,14.7811005215639
