"DOCR_RespParam","DOCL_RespParam","BurialFactor_R","BurialFactor_L","N","collinearity"
1,1,0,0,2,11.6317566425474
1,0,1,0,2,9.93013513826285
1,0,0,1,2,7.34390588720528
0,1,1,0,2,5.55955102651286
0,1,0,1,2,7.62283061592923
0,0,1,1,2,6.07900705001939
1,1,1,0,3,35.7459795090424
1,1,0,1,3,11.6652699625932
1,0,1,1,3,10.657320568553
0,1,1,1,3,7.7467466560783
1,1,1,1,4,57.4034207532837
