"DOCR_RespParam","DOCL_RespParam","BurialFactor_R","BurialFactor_L","N","collinearity"
1,1,0,0,2,1.66582123577589
1,0,1,0,2,8.0605755295354
1,0,0,1,2,1.50247300072017
0,1,1,0,2,1.62332127525483
0,1,0,1,2,1.26542800550887
0,0,1,1,2,1.55527649575328
1,1,1,0,3,8.14409654250782
1,1,0,1,3,1.78371115046593
1,0,1,1,3,8.24172357665084
0,1,1,1,3,1.78835281012712
1,1,1,1,4,8.33509891475616
