"DOCR_RespParam","DOCL_RespParam","BurialFactor_R","BurialFactor_L","N","collinearity"
1,1,0,0,2,1.30652190116602
1,0,1,0,2,5.76683842952251
1,0,0,1,2,1.40070079688259
0,1,1,0,2,1.26564915877439
0,1,0,1,2,1.2016361212933
0,0,1,1,2,1.42828775827102
1,1,1,0,3,5.85637242569443
1,1,0,1,3,1.43266834697176
1,0,1,1,3,5.79259822097315
0,1,1,1,3,1.44011514696891
1,1,1,1,4,5.89959013474329
