"DOCR_RespParam","DOCL_RespParam","BurialFactor_R","BurialFactor_L","N","collinearity"
1,1,0,0,2,1.3536551729563
1,0,1,0,2,6.07879957441451
1,0,0,1,2,2.27567816057982
0,1,1,0,2,1.31851450440714
0,1,0,1,2,1.40720125584452
0,0,1,1,2,2.0924801602763
1,1,1,0,3,6.14275532260921
1,1,0,1,3,2.2849700314183
1,0,1,1,3,6.2988880830748
0,1,1,1,3,2.11528848874832
1,1,1,1,4,6.31803961546572
