"DOCR_RespParam","DOCL_RespParam","BurialFactor_R","BurialFactor_L","N","collinearity"
1,1,0,0,2,1.20077345274062
1,0,1,0,2,6.0972778337212
1,0,0,1,2,1.25872362322101
0,1,1,0,2,1.17808099519793
0,1,0,1,2,1.12564545437292
0,0,1,1,2,1.29146079358556
1,1,1,0,3,6.14439807633484
1,1,0,1,3,1.28060398977942
1,0,1,1,3,6.1672997464361
0,1,1,1,3,1.30130426712604
1,1,1,1,4,6.23108908817924
